d_over_a,xi_over_a,theta_degrees,sites_per_layer,intralayer_second_moment,interlayer_second_moment,total_second_moment,identity_absolute_error
0.99,0.03,0.0,1510,2.9284768211920613,1.9477340410594428,4.876210862251504,2.220446049250313e-16
0.99,0.03,1.5,1510,2.9284768211920613,0.13806062656134133,3.066537447753402,4.440892098500626e-16
0.99,0.03,3.0,1510,2.9284768211920613,0.13636039898078767,3.0648372201728487,3.3306690738754696e-16
0.99,0.03,4.5,1510,2.9284768211920613,0.16292921577258088,3.0914060369646434,1.2490009027033011e-15
0.99,0.03,6.0,1510,2.9284768211920613,0.1359855133179683,3.06446233451003,5.273559366969494e-16
0.99,0.03,7.499999999999999,1510,2.9284768211920613,0.1376960547140456,3.066172875906107,1.6653345369377348e-16
0.99,0.03,9.0,1510,2.9284768211920613,0.14273421729775101,3.0712110384898117,6.38378239159465e-16
0.99,0.03,10.499999999999998,1510,2.9284768211920613,0.14132213200881555,3.069798953200876,8.326672684688674e-16
0.99,0.03,12.0,1510,2.9284768211920613,0.13852083448938468,3.0669976556814453,6.661338147750939e-16
0.99,0.03,13.5,1510,2.9284768211920613,0.13198248670213292,3.0604593078941944,1.6653345369377348e-16
0.99,0.03,14.999999999999998,1510,2.9284768211920613,0.14365866449563602,3.0721354856876975,1.1102230246251565e-16
0.99,0.03,16.499999999999996,1510,2.9284768211920613,0.14777571483533697,3.076252536027398,4.996003610813204e-16
0.99,0.03,18.0,1510,2.9284768211920613,0.1424792651856104,3.070956086377672,1.942890293094024e-16
0.99,0.03,19.5,1510,2.9284768211920613,0.13977527103555218,3.068252092227614,6.938893903907228e-16
0.99,0.03,20.999999999999996,1510,2.9284768211920613,0.13992436342198053,3.0684011846140433,1.4710455076283324e-15
0.99,0.03,22.5,1510,2.9284768211920613,0.1337549092361424,3.062231730428204,1.3877787807814457e-16
0.99,0.03,24.0,1510,2.9284768211920613,0.1404853050324384,3.0689621262245006,8.881784197001252e-16
0.99,0.03,25.499999999999996,1510,2.9284768211920613,0.14018406570119657,3.0686608868932583,4.440892098500626e-16
0.99,0.03,27.0,1510,2.9284768211920613,0.1382257344211757,3.0667025556132375,4.440892098500626e-16
0.99,0.03,28.5,1510,2.9284768211920613,0.1370838683638099,3.065560689555871,8.326672684688674e-17
0.99,0.03,29.999999999999996,1510,2.9284768211920613,0.14096224050815334,3.069439061700215,5.273559366969494e-16
0.99,0.03,31.5,1510,2.9284768211920613,0.14397291702432208,3.072449738216384,3.885780586188048e-16
0.99,0.03,32.99999999999999,1510,2.9284768211920613,0.14271151543143903,3.0711883366235004,8.326672684688674e-17
0.99,0.03,34.5,1510,2.9284768211920613,0.1349006208763608,3.063377442068422,2.220446049250313e-16
0.99,0.03,36.0,1510,2.9284768211920613,0.1421013755861395,3.0705781967782015,7.216449660063518e-16
0.99,0.03,37.49999999999999,1510,2.9284768211920613,0.14286788659664051,3.071344707788702,3.3306690738754696e-16
0.99,0.03,39.0,1510,2.9284768211920613,0.14263392478789005,3.071110745979952,6.661338147750939e-16
0.99,0.03,40.5,1510,2.9284768211920613,0.13554965309127637,3.0640264742833385,8.326672684688674e-16
0.99,0.03,41.99999999999999,1510,2.9284768211920613,0.1317153216210054,3.060192142813067,2.220446049250313e-16
0.99,0.03,43.5,1510,2.9284768211920613,0.14745417519697757,3.075930996389039,0.0
0.99,0.03,45.0,1510,2.9284768211920613,0.1390846335997629,3.067561454791825,8.604228440844963e-16
0.99,0.03,46.49999999999999,1510,2.9284768211920613,0.14682730903590843,3.0753041302279693,4.163336342344337e-16
0.99,0.03,48.0,1510,2.9284768211920613,0.13725242682414446,3.0657292480162055,2.7755575615628914e-16
0.99,0.03,49.5,1510,2.9284768211920613,0.14706112514843714,3.075537946340499,5.828670879282072e-16
0.99,0.03,50.99999999999999,1510,2.9284768211920613,0.1418853541066735,3.0703621752987353,5.273559366969494e-16
0.99,0.03,52.5,1510,2.9284768211920613,0.1347760888244517,3.0632529100165136,5.551115123125783e-16
0.99,0.03,54.0,1510,2.9284768211920613,0.13783185824051167,3.066308679432573,1.3877787807814457e-16
0.99,0.03,55.49999999999999,1510,2.9284768211920613,0.141576423371522,3.0700532445635837,4.440892098500626e-16
0.99,0.03,57.0,1510,2.9284768211920613,0.1701772867026507,3.098654107894712,5.551115123125783e-17
0.99,0.03,58.5,1510,2.9284768211920613,0.06985266127333775,2.9983294824653997,5.828670879282072e-16
0.99,0.03,59.99999999999999,1510,2.9284768211920613,0.9764468007212986,3.904923621913359,7.771561172376096e-16
0.98,0.03,0.0,1510,2.9284768211920613,3.7936678946907922,6.722144715882854,0.0
0.98,0.03,1.5,1510,2.9284768211920613,0.2661653697060118,3.1946421908980738,6.661338147750939e-16
0.98,0.03,3.0,1510,2.9284768211920613,0.26300178781769995,3.191478609009761,3.885780586188048e-16
0.98,0.03,4.5,1510,2.9284768211920613,0.3142378913007779,3.2427147124928397,4.996003610813204e-16
0.98,0.03,6.0,1510,2.9284768211920613,0.262241549670377,3.1907183708624376,7.216449660063518e-16
0.98,0.03,7.499999999999999,1510,2.9284768211920613,0.2655096059970258,3.1939864271890865,5.551115123125783e-16
0.98,0.03,9.0,1510,2.9284768211920613,0.2752158988909577,3.2036927200830196,6.106226635438361e-16
0.98,0.03,10.499999999999998,1510,2.9284768211920613,0.2724996297582945,3.2009764509503555,2.7755575615628914e-16
0.98,0.03,12.0,1510,2.9284768211920613,0.26708893909978476,3.1955657602918466,4.996003610813204e-16
0.98,0.03,13.5,1510,2.9284768211920613,0.2543124168092852,3.1827892380013463,2.220446049250313e-16
0.98,0.03,14.999999999999998,1510,2.9284768211920613,0.2770401381108021,3.205516959302863,2.220446049250313e-16
0.98,0.03,16.499999999999996,1510,2.9284768211920613,0.2850701500887182,3.2135469712807794,1.6653345369377348e-16
0.98,0.03,18.0,1510,2.9284768211920613,0.27494965646238084,3.203426477654442,5.551115123125783e-17
0.98,0.03,19.5,1510,2.9284768211920613,0.2695369127095735,3.1980137339016355,6.661338147750939e-16
0.98,0.03,20.999999999999996,1510,2.9284768211920613,0.26973045642819504,3.1982072776202566,2.220446049250313e-16
0.98,0.03,22.5,1510,2.9284768211920613,0.2576162704190715,3.1860930916111325,2.7755575615628914e-16
0.98,0.03,24.0,1510,2.9284768211920613,0.2708918240698865,3.199368645261947,6.106226635438361e-16
0.98,0.03,25.499999999999996,1510,2.9284768211920613,0.2702753798313904,3.198752201023451,6.661338147750939e-16
0.98,0.03,27.0,1510,2.9284768211920613,0.2664585227305648,3.194935343922626,1.1102230246251565e-16
0.98,0.03,28.5,1510,2.9284768211920613,0.26418989501212864,3.1926667162041906,6.661338147750939e-16
0.98,0.03,29.999999999999996,1510,2.9284768211920613,0.2718378635815405,3.200314684773602,1.1102230246251565e-16
0.98,0.03,31.5,1510,2.9284768211920613,0.2776679946182809,3.2061448158103425,2.7755575615628914e-16
0.98,0.03,32.99999999999999,1510,2.9284768211920613,0.2752875356599312,3.203764356851992,4.996003610813204e-16
0.98,0.03,34.5,1510,2.9284768211920613,0.2599830534372799,3.1884598746293413,1.1102230246251565e-16
0.98,0.03,36.0,1510,2.9284768211920613,0.27400745550290107,3.2024842766949617,6.661338147750939e-16
0.98,0.03,37.49999999999999,1510,2.9284768211920613,0.2753727203385838,3.203849541530645,5.551115123125783e-17
0.98,0.03,39.0,1510,2.9284768211920613,0.27500976625369794,3.2034865874457594,1.6653345369377348e-16
0.98,0.03,40.5,1510,2.9284768211920613,0.2613236697595125,3.189800490951574,2.220446049250313e-16
0.98,0.03,41.99999999999999,1510,2.9284768211920613,0.25375258087293456,3.182229402064995,8.326672684688674e-16
0.98,0.03,43.5,1510,2.9284768211920613,0.28444895316785174,3.212925774359914,1.1657341758564144e-15
0.98,0.03,45.0,1510,2.9284768211920613,0.2681624924386528,3.196639313630714,5.551115123125783e-17
0.98,0.03,46.49999999999999,1510,2.9284768211920613,0.2834378944920178,3.2119147156840793,1.6653345369377348e-16
0.98,0.03,48.0,1510,2.9284768211920613,0.26466264600138206,3.193139467193444,4.996003610813204e-16
0.98,0.03,49.5,1510,2.9284768211920613,0.2836285564752848,3.212105377667348,1.7208456881689926e-15
0.98,0.03,50.99999999999999,1510,2.9284768211920613,0.2735529313641943,3.2020297525562547,9.43689570931383e-16
0.98,0.03,52.5,1510,2.9284768211920613,0.2598925284122923,3.188369349604354,4.996003610813204e-16
0.98,0.03,54.0,1510,2.9284768211920613,0.2657333340991203,3.1942101552911812,3.885780586188048e-16
0.98,0.03,55.49999999999999,1510,2.9284768211920613,0.27295751678898106,3.201434337981041,1.5543122344752192e-15
0.98,0.03,57.0,1510,2.9284768211920613,0.3282436607540856,3.2567204819461475,5.551115123125783e-16
0.98,0.03,58.5,1510,2.9284768211920613,0.13460477909465468,3.0630816002867154,6.106226635438361e-16
0.98,0.03,59.99999999999999,1510,2.9284768211920613,1.9018586730413012,4.8303354942333625,0.0
0.97,0.03,0.0,1510,2.9284768211920613,7.389056098942781,10.317532920134843,0.0
0.97,0.03,1.5,1510,2.9284768211920613,0.513087955308594,3.4415647765006554,1.1102230246251565e-16
0.97,0.03,3.0,1510,2.9284768211920613,0.5072059660830847,3.4356827872751463,3.3306690738754696e-16
0.97,0.03,4.5,1510,2.9284768211920613,0.6059995632771834,3.5344763844692437,9.992007221626409e-16
0.97,0.03,6.0,1510,2.9284768211920613,0.5056691671983661,3.434145988390427,5.551115123125783e-16
0.97,0.03,7.499999999999999,1510,2.9284768211920613,0.5119112837282185,3.44038810492028,2.220446049250313e-16
0.97,0.03,9.0,1510,2.9284768211920613,0.5306089199934624,3.459085741185524,3.3306690738754696e-16
0.97,0.03,10.499999999999998,1510,2.9284768211920613,0.5253830856105226,3.4538599068025833,6.661338147750939e-16
0.97,0.03,12.0,1510,2.9284768211920613,0.5149353315003229,3.443412152692384,2.220446049250313e-16
0.97,0.03,13.5,1510,2.9284768211920613,0.4899668890047156,3.418443710196777,5.551115123125783e-17
0.97,0.03,14.999999999999998,1510,2.9284768211920613,0.5342107840894714,3.462687605281533,4.440892098500626e-16
0.97,0.03,16.499999999999996,1510,2.9284768211920613,0.549865812462936,3.478342633654996,1.2212453270876722e-15
0.97,0.03,18.0,1510,2.9284768211920613,0.5305486061247792,3.4590254273168397,7.771561172376096e-16
0.97,0.03,19.5,1510,2.9284768211920613,0.5197110313798605,3.4481878525719223,4.440892098500626e-16
0.97,0.03,20.999999999999996,1510,2.9284768211920613,0.5198974505766856,3.4483742717687473,4.440892098500626e-16
0.97,0.03,22.5,1510,2.9284768211920613,0.4961116414863643,3.4245884626784258,1.6653345369377348e-16
0.97,0.03,24.0,1510,2.9284768211920613,0.5222944985378323,3.4507713197298937,1.1102230246251565e-16
0.97,0.03,25.499999999999996,1510,2.9284768211920613,0.5210391290776433,3.449515950269704,4.440892098500626e-16
0.97,0.03,27.0,1510,2.9284768211920613,0.5136008111824404,3.442077632374501,6.661338147750939e-16
0.97,0.03,28.5,1510,2.9284768211920613,0.5090955973038421,3.437572418495904,5.551115123125783e-16
0.97,0.03,29.999999999999996,1510,2.9284768211920613,0.5241717938661652,3.4526486150582265,0.0
0.97,0.03,31.5,1510,2.9284768211920613,0.5354624449834972,3.463939266175559,3.3306690738754696e-16
0.97,0.03,32.99999999999999,1510,2.9284768211920613,0.5309758847767486,3.4594527059688107,7.771561172376096e-16
0.97,0.03,34.5,1510,2.9284768211920613,0.5009902735480964,3.429467094740159,1.3322676295501878e-15
0.97,0.03,36.0,1510,2.9284768211920613,0.5283012645273464,3.4567780857194075,2.220446049250313e-16
0.97,0.03,37.49999999999999,1510,2.9284768211920613,0.5307060780773385,3.4591828992694005,6.661338147750939e-16
0.97,0.03,39.0,1510,2.9284768211920613,0.5301838130623874,3.45866063425445,1.2212453270876722e-15
0.97,0.03,40.5,1510,2.9284768211920613,0.5037491948446496,3.432226016036711,1.1102230246251565e-16
0.97,0.03,41.99999999999999,1510,2.9284768211920613,0.48879734047309614,3.4172741616651576,1.6653345369377348e-16
0.97,0.03,43.5,1510,2.9284768211920613,0.5486708435692556,3.477147664761317,2.220446049250313e-16
0.97,0.03,45.0,1510,2.9284768211920613,0.516976950077536,3.4454537712695976,3.3306690738754696e-16
0.97,0.03,46.49999999999999,1510,2.9284768211920613,0.547110177505328,3.4755869986973904,1.1102230246251565e-15
0.97,0.03,48.0,1510,2.9284768211920613,0.5102959592858634,3.438772780477924,8.881784197001252e-16
0.97,0.03,49.5,1510,2.9284768211920613,0.5469626079826547,3.4754394291747173,1.2212453270876722e-15
0.97,0.03,50.99999999999999,1510,2.9284768211920613,0.5273495211039935,3.455826342296055,3.3306690738754696e-16
0.97,0.03,52.5,1510,2.9284768211920613,0.5011094286429983,3.4295862498350607,9.992007221626409e-16
0.97,0.03,54.0,1510,2.9284768211920613,0.5122678505425211,3.440744671734583,6.661338147750939e-16
0.97,0.03,55.49999999999999,1510,2.9284768211920613,0.5262018829530306,3.4546787041450924,4.440892098500626e-16
0.97,0.03,57.0,1510,2.9284768211920613,0.6330613606440231,3.5615381818360854,9.992007221626409e-16
0.97,0.03,58.5,1510,2.9284768211920613,0.25935888589203493,3.187835707084097,5.551115123125783e-16
0.97,0.03,59.99999999999999,1510,2.9284768211920613,3.7043148787535745,6.632791699945638,2.6645352591003757e-15
